scene_id,anchor_node_id,anchor_label,n_incoming,n_distinct_source_labels,n_distinct_relations,edge_a_id,edge_a_source_label,edge_a_relation,edge_a_source_node_id,edge_b_id,edge_b_source_label,edge_b_relation,edge_b_source_node_id,pair_distinct_kind,target_3d_distance_m,anchor_target_distance_m,writable_score
421063,c4a12f33-c0ab-45d2-bea0-9710e08ef8c4,sink,2,2,2,b0e7459d-07a3-41a9-af61-18f99260e1d3|press or rotate to control the water flow|c4a12f33-c0ab-45d2-bea0-9710e08ef8c4,button / knob,press or rotate to control the water flow,b0e7459d-07a3-41a9-af61-18f99260e1d3,a54cd1df-50ca-4ca9-b3c0-136fe9224393|control the water flow|c4a12f33-c0ab-45d2-bea0-9710e08ef8c4,faucet / handle,control the water flow,a54cd1df-50ca-4ca9-b3c0-136fe9224393,src+rel,0.244,0.136,1.0
421063,b0e10097-ce1f-46d7-8905-b820e381c43e,bathtub,2,2,2,1e33ac6a-7344-4c07-a5a0-d3ff74760222|press or rotate to control the water flow|b0e10097-ce1f-46d7-8905-b820e381c43e,button / knob,press or rotate to control the water flow,1e33ac6a-7344-4c07-a5a0-d3ff74760222,8c74ba89-2f15-4638-97e0-c1a8c294a25e|control the water flow|b0e10097-ce1f-46d7-8905-b820e381c43e,faucet / handle,control the water flow,8c74ba89-2f15-4638-97e0-c1a8c294a25e,src+rel,0.584,0.744,1.0
421380,6e39c1ea-d3cd-4059-9b4f-c2a506d716e9,television stand / cabinet,14,1,2,282c10c9-3020-4333-b468-cb3197b80940|pull to open or close a drawer|6e39c1ea-d3cd-4059-9b4f-c2a506d716e9,knob,pull to open or close a drawer,282c10c9-3020-4333-b468-cb3197b80940,f263ca02-a3c0-4b5f-bd3e-2866f0c9a9ec|pull to open or close|6e39c1ea-d3cd-4059-9b4f-c2a506d716e9,knob,pull to open or close,f263ca02-a3c0-4b5f-bd3e-2866f0c9a9ec,rel,0.808,0.258,0.7
421380,6e39c1ea-d3cd-4059-9b4f-c2a506d716e9,television stand / cabinet,14,1,2,282c10c9-3020-4333-b468-cb3197b80940|pull to open or close a drawer|6e39c1ea-d3cd-4059-9b4f-c2a506d716e9,knob,pull to open or close a drawer,282c10c9-3020-4333-b468-cb3197b80940,64dde80b-d956-4d15-8305-58466e31648f|pull to open or close|6e39c1ea-d3cd-4059-9b4f-c2a506d716e9,knob,pull to open or close,64dde80b-d956-4d15-8305-58466e31648f,rel,0.848,0.258,0.7
421380,6e39c1ea-d3cd-4059-9b4f-c2a506d716e9,television stand / cabinet,14,1,2,282c10c9-3020-4333-b468-cb3197b80940|pull to open or close a drawer|6e39c1ea-d3cd-4059-9b4f-c2a506d716e9,knob,pull to open or close a drawer,282c10c9-3020-4333-b468-cb3197b80940,9db14ed4-ed96-4e43-a12d-7a1a865f0161|pull to open or close|6e39c1ea-d3cd-4059-9b4f-c2a506d716e9,knob,pull to open or close,9db14ed4-ed96-4e43-a12d-7a1a865f0161,rel,0.395,0.258,0.7
421380,6e39c1ea-d3cd-4059-9b4f-c2a506d716e9,television stand / cabinet,14,1,2,282c10c9-3020-4333-b468-cb3197b80940|pull to open or close a drawer|6e39c1ea-d3cd-4059-9b4f-c2a506d716e9,knob,pull to open or close a drawer,282c10c9-3020-4333-b468-cb3197b80940,bc40c514-1f23-4a0f-b9c6-a3aee1416269|pull to open or close|6e39c1ea-d3cd-4059-9b4f-c2a506d716e9,knob,pull to open or close,bc40c514-1f23-4a0f-b9c6-a3aee1416269,rel,0.435,0.258,0.7
421380,6e39c1ea-d3cd-4059-9b4f-c2a506d716e9,television stand / cabinet,14,1,2,352d3a71-9681-4a32-aecd-1d89a929bd7b|pull to open or close a drawer|6e39c1ea-d3cd-4059-9b4f-c2a506d716e9,knob,pull to open or close a drawer,352d3a71-9681-4a32-aecd-1d89a929bd7b,f263ca02-a3c0-4b5f-bd3e-2866f0c9a9ec|pull to open or close|6e39c1ea-d3cd-4059-9b4f-c2a506d716e9,knob,pull to open or close,f263ca02-a3c0-4b5f-bd3e-2866f0c9a9ec,rel,0.393,0.282,0.7
421380,6e39c1ea-d3cd-4059-9b4f-c2a506d716e9,television stand / cabinet,14,1,2,352d3a71-9681-4a32-aecd-1d89a929bd7b|pull to open or close a drawer|6e39c1ea-d3cd-4059-9b4f-c2a506d716e9,knob,pull to open or close a drawer,352d3a71-9681-4a32-aecd-1d89a929bd7b,64dde80b-d956-4d15-8305-58466e31648f|pull to open or close|6e39c1ea-d3cd-4059-9b4f-c2a506d716e9,knob,pull to open or close,64dde80b-d956-4d15-8305-58466e31648f,rel,0.432,0.282,0.7
421380,6e39c1ea-d3cd-4059-9b4f-c2a506d716e9,television stand / cabinet,14,1,2,352d3a71-9681-4a32-aecd-1d89a929bd7b|pull to open or close a drawer|6e39c1ea-d3cd-4059-9b4f-c2a506d716e9,knob,pull to open or close a drawer,352d3a71-9681-4a32-aecd-1d89a929bd7b,9db14ed4-ed96-4e43-a12d-7a1a865f0161|pull to open or close|6e39c1ea-d3cd-4059-9b4f-c2a506d716e9,knob,pull to open or close,9db14ed4-ed96-4e43-a12d-7a1a865f0161,rel,0.811,0.282,0.7
421380,6e39c1ea-d3cd-4059-9b4f-c2a506d716e9,television stand / cabinet,14,1,2,352d3a71-9681-4a32-aecd-1d89a929bd7b|pull to open or close a drawer|6e39c1ea-d3cd-4059-9b4f-c2a506d716e9,knob,pull to open or close a drawer,352d3a71-9681-4a32-aecd-1d89a929bd7b,bc40c514-1f23-4a0f-b9c6-a3aee1416269|pull to open or close|6e39c1ea-d3cd-4059-9b4f-c2a506d716e9,knob,pull to open or close,bc40c514-1f23-4a0f-b9c6-a3aee1416269,rel,0.851,0.282,0.7
421380,6e39c1ea-d3cd-4059-9b4f-c2a506d716e9,television stand / cabinet,14,1,2,927cd15d-3bd7-4709-b88d-6e4c8b8afca4|pull to open or close a drawer|6e39c1ea-d3cd-4059-9b4f-c2a506d716e9,knob,pull to open or close a drawer,927cd15d-3bd7-4709-b88d-6e4c8b8afca4,f263ca02-a3c0-4b5f-bd3e-2866f0c9a9ec|pull to open or close|6e39c1ea-d3cd-4059-9b4f-c2a506d716e9,knob,pull to open or close,f263ca02-a3c0-4b5f-bd3e-2866f0c9a9ec,rel,0.817,0.21,0.7
421380,6e39c1ea-d3cd-4059-9b4f-c2a506d716e9,television stand / cabinet,14,1,2,927cd15d-3bd7-4709-b88d-6e4c8b8afca4|pull to open or close a drawer|6e39c1ea-d3cd-4059-9b4f-c2a506d716e9,knob,pull to open or close a drawer,927cd15d-3bd7-4709-b88d-6e4c8b8afca4,64dde80b-d956-4d15-8305-58466e31648f|pull to open or close|6e39c1ea-d3cd-4059-9b4f-c2a506d716e9,knob,pull to open or close,64dde80b-d956-4d15-8305-58466e31648f,rel,0.856,0.21,0.7
421380,6e39c1ea-d3cd-4059-9b4f-c2a506d716e9,television stand / cabinet,14,1,2,927cd15d-3bd7-4709-b88d-6e4c8b8afca4|pull to open or close a drawer|6e39c1ea-d3cd-4059-9b4f-c2a506d716e9,knob,pull to open or close a drawer,927cd15d-3bd7-4709-b88d-6e4c8b8afca4,9db14ed4-ed96-4e43-a12d-7a1a865f0161|pull to open or close|6e39c1ea-d3cd-4059-9b4f-c2a506d716e9,knob,pull to open or close,9db14ed4-ed96-4e43-a12d-7a1a865f0161,rel,0.411,0.21,0.7
421380,6e39c1ea-d3cd-4059-9b4f-c2a506d716e9,television stand / cabinet,14,1,2,927cd15d-3bd7-4709-b88d-6e4c8b8afca4|pull to open or close a drawer|6e39c1ea-d3cd-4059-9b4f-c2a506d716e9,knob,pull to open or close a drawer,927cd15d-3bd7-4709-b88d-6e4c8b8afca4,bc40c514-1f23-4a0f-b9c6-a3aee1416269|pull to open or close|6e39c1ea-d3cd-4059-9b4f-c2a506d716e9,knob,pull to open or close,bc40c514-1f23-4a0f-b9c6-a3aee1416269,rel,0.449,0.21,0.7
421380,6e39c1ea-d3cd-4059-9b4f-c2a506d716e9,television stand / cabinet,14,1,2,73839439-0110-43e5-bb6e-d2883e193874|pull to open or close a drawer|6e39c1ea-d3cd-4059-9b4f-c2a506d716e9,knob,pull to open or close a drawer,73839439-0110-43e5-bb6e-d2883e193874,f263ca02-a3c0-4b5f-bd3e-2866f0c9a9ec|pull to open or close|6e39c1ea-d3cd-4059-9b4f-c2a506d716e9,knob,pull to open or close,f263ca02-a3c0-4b5f-bd3e-2866f0c9a9ec,rel,0.411,0.237,0.7
421380,6e39c1ea-d3cd-4059-9b4f-c2a506d716e9,television stand / cabinet,14,1,2,73839439-0110-43e5-bb6e-d2883e193874|pull to open or close a drawer|6e39c1ea-d3cd-4059-9b4f-c2a506d716e9,knob,pull to open or close a drawer,73839439-0110-43e5-bb6e-d2883e193874,64dde80b-d956-4d15-8305-58466e31648f|pull to open or close|6e39c1ea-d3cd-4059-9b4f-c2a506d716e9,knob,pull to open or close,64dde80b-d956-4d15-8305-58466e31648f,rel,0.448,0.237,0.7
421380,6e39c1ea-d3cd-4059-9b4f-c2a506d716e9,television stand / cabinet,14,1,2,73839439-0110-43e5-bb6e-d2883e193874|pull to open or close a drawer|6e39c1ea-d3cd-4059-9b4f-c2a506d716e9,knob,pull to open or close a drawer,73839439-0110-43e5-bb6e-d2883e193874,9db14ed4-ed96-4e43-a12d-7a1a865f0161|pull to open or close|6e39c1ea-d3cd-4059-9b4f-c2a506d716e9,knob,pull to open or close,9db14ed4-ed96-4e43-a12d-7a1a865f0161,rel,0.817,0.237,0.7
421380,6e39c1ea-d3cd-4059-9b4f-c2a506d716e9,television stand / cabinet,14,1,2,73839439-0110-43e5-bb6e-d2883e193874|pull to open or close a drawer|6e39c1ea-d3cd-4059-9b4f-c2a506d716e9,knob,pull to open or close a drawer,73839439-0110-43e5-bb6e-d2883e193874,bc40c514-1f23-4a0f-b9c6-a3aee1416269|pull to open or close|6e39c1ea-d3cd-4059-9b4f-c2a506d716e9,knob,pull to open or close,bc40c514-1f23-4a0f-b9c6-a3aee1416269,rel,0.857,0.237,0.7
421380,6e39c1ea-d3cd-4059-9b4f-c2a506d716e9,television stand / cabinet,14,1,2,f26835a1-518e-4918-a492-c23cee451f0a|pull to open or close a drawer|6e39c1ea-d3cd-4059-9b4f-c2a506d716e9,knob,pull to open or close a drawer,f26835a1-518e-4918-a492-c23cee451f0a,f263ca02-a3c0-4b5f-bd3e-2866f0c9a9ec|pull to open or close|6e39c1ea-d3cd-4059-9b4f-c2a506d716e9,knob,pull to open or close,f263ca02-a3c0-4b5f-bd3e-2866f0c9a9ec,rel,0.835,0.196,0.7
421380,6e39c1ea-d3cd-4059-9b4f-c2a506d716e9,television stand / cabinet,14,1,2,f26835a1-518e-4918-a492-c23cee451f0a|pull to open or close a drawer|6e39c1ea-d3cd-4059-9b4f-c2a506d716e9,knob,pull to open or close a drawer,f26835a1-518e-4918-a492-c23cee451f0a,64dde80b-d956-4d15-8305-58466e31648f|pull to open or close|6e39c1ea-d3cd-4059-9b4f-c2a506d716e9,knob,pull to open or close,64dde80b-d956-4d15-8305-58466e31648f,rel,0.873,0.196,0.7
421380,6e39c1ea-d3cd-4059-9b4f-c2a506d716e9,television stand / cabinet,14,1,2,f26835a1-518e-4918-a492-c23cee451f0a|pull to open or close a drawer|6e39c1ea-d3cd-4059-9b4f-c2a506d716e9,knob,pull to open or close a drawer,f26835a1-518e-4918-a492-c23cee451f0a,9db14ed4-ed96-4e43-a12d-7a1a865f0161|pull to open or close|6e39c1ea-d3cd-4059-9b4f-c2a506d716e9,knob,pull to open or close,9db14ed4-ed96-4e43-a12d-7a1a865f0161,rel,0.445,0.196,0.7
421380,6e39c1ea-d3cd-4059-9b4f-c2a506d716e9,television stand / cabinet,14,1,2,f26835a1-518e-4918-a492-c23cee451f0a|pull to open or close a drawer|6e39c1ea-d3cd-4059-9b4f-c2a506d716e9,knob,pull to open or close a drawer,f26835a1-518e-4918-a492-c23cee451f0a,bc40c514-1f23-4a0f-b9c6-a3aee1416269|pull to open or close|6e39c1ea-d3cd-4059-9b4f-c2a506d716e9,knob,pull to open or close,bc40c514-1f23-4a0f-b9c6-a3aee1416269,rel,0.48,0.196,0.7
421380,6e39c1ea-d3cd-4059-9b4f-c2a506d716e9,television stand / cabinet,14,1,2,1365989c-2223-4888-8465-ec59a7adea8e|pull to open or close a drawer|6e39c1ea-d3cd-4059-9b4f-c2a506d716e9,knob,pull to open or close a drawer,1365989c-2223-4888-8465-ec59a7adea8e,f263ca02-a3c0-4b5f-bd3e-2866f0c9a9ec|pull to open or close|6e39c1ea-d3cd-4059-9b4f-c2a506d716e9,knob,pull to open or close,f263ca02-a3c0-4b5f-bd3e-2866f0c9a9ec,rel,0.444,0.226,0.7
421380,6e39c1ea-d3cd-4059-9b4f-c2a506d716e9,television stand / cabinet,14,1,2,1365989c-2223-4888-8465-ec59a7adea8e|pull to open or close a drawer|6e39c1ea-d3cd-4059-9b4f-c2a506d716e9,knob,pull to open or close a drawer,1365989c-2223-4888-8465-ec59a7adea8e,64dde80b-d956-4d15-8305-58466e31648f|pull to open or close|6e39c1ea-d3cd-4059-9b4f-c2a506d716e9,knob,pull to open or close,64dde80b-d956-4d15-8305-58466e31648f,rel,0.479,0.226,0.7
421380,6e39c1ea-d3cd-4059-9b4f-c2a506d716e9,television stand / cabinet,14,1,2,1365989c-2223-4888-8465-ec59a7adea8e|pull to open or close a drawer|6e39c1ea-d3cd-4059-9b4f-c2a506d716e9,knob,pull to open or close a drawer,1365989c-2223-4888-8465-ec59a7adea8e,9db14ed4-ed96-4e43-a12d-7a1a865f0161|pull to open or close|6e39c1ea-d3cd-4059-9b4f-c2a506d716e9,knob,pull to open or close,9db14ed4-ed96-4e43-a12d-7a1a865f0161,rel,0.837,0.226,0.7
421380,6e39c1ea-d3cd-4059-9b4f-c2a506d716e9,television stand / cabinet,14,1,2,1365989c-2223-4888-8465-ec59a7adea8e|pull to open or close a drawer|6e39c1ea-d3cd-4059-9b4f-c2a506d716e9,knob,pull to open or close a drawer,1365989c-2223-4888-8465-ec59a7adea8e,bc40c514-1f23-4a0f-b9c6-a3aee1416269|pull to open or close|6e39c1ea-d3cd-4059-9b4f-c2a506d716e9,knob,pull to open or close,bc40c514-1f23-4a0f-b9c6-a3aee1416269,rel,0.876,0.226,0.7
421380,6e39c1ea-d3cd-4059-9b4f-c2a506d716e9,television stand / cabinet,14,1,2,bb923245-a044-4875-b548-bee144ca7d2a|pull to open or close a drawer|6e39c1ea-d3cd-4059-9b4f-c2a506d716e9,knob,pull to open or close a drawer,bb923245-a044-4875-b548-bee144ca7d2a,f263ca02-a3c0-4b5f-bd3e-2866f0c9a9ec|pull to open or close|6e39c1ea-d3cd-4059-9b4f-c2a506d716e9,knob,pull to open or close,f263ca02-a3c0-4b5f-bd3e-2866f0c9a9ec,rel,0.863,0.221,0.7
421380,6e39c1ea-d3cd-4059-9b4f-c2a506d716e9,television stand / cabinet,14,1,2,bb923245-a044-4875-b548-bee144ca7d2a|pull to open or close a drawer|6e39c1ea-d3cd-4059-9b4f-c2a506d716e9,knob,pull to open or close a drawer,bb923245-a044-4875-b548-bee144ca7d2a,64dde80b-d956-4d15-8305-58466e31648f|pull to open or close|6e39c1ea-d3cd-4059-9b4f-c2a506d716e9,knob,pull to open or close,64dde80b-d956-4d15-8305-58466e31648f,rel,0.9,0.221,0.7
421380,6e39c1ea-d3cd-4059-9b4f-c2a506d716e9,television stand / cabinet,14,1,2,bb923245-a044-4875-b548-bee144ca7d2a|pull to open or close a drawer|6e39c1ea-d3cd-4059-9b4f-c2a506d716e9,knob,pull to open or close a drawer,bb923245-a044-4875-b548-bee144ca7d2a,9db14ed4-ed96-4e43-a12d-7a1a865f0161|pull to open or close|6e39c1ea-d3cd-4059-9b4f-c2a506d716e9,knob,pull to open or close,9db14ed4-ed96-4e43-a12d-7a1a865f0161,rel,0.493,0.221,0.7
421380,6e39c1ea-d3cd-4059-9b4f-c2a506d716e9,television stand / cabinet,14,1,2,bb923245-a044-4875-b548-bee144ca7d2a|pull to open or close a drawer|6e39c1ea-d3cd-4059-9b4f-c2a506d716e9,knob,pull to open or close a drawer,bb923245-a044-4875-b548-bee144ca7d2a,bc40c514-1f23-4a0f-b9c6-a3aee1416269|pull to open or close|6e39c1ea-d3cd-4059-9b4f-c2a506d716e9,knob,pull to open or close,bc40c514-1f23-4a0f-b9c6-a3aee1416269,rel,0.526,0.221,0.7
421380,6e39c1ea-d3cd-4059-9b4f-c2a506d716e9,television stand / cabinet,14,1,2,8fa63b99-b099-4906-a608-5325add561e4|pull to open or close a drawer|6e39c1ea-d3cd-4059-9b4f-c2a506d716e9,knob,pull to open or close a drawer,8fa63b99-b099-4906-a608-5325add561e4,f263ca02-a3c0-4b5f-bd3e-2866f0c9a9ec|pull to open or close|6e39c1ea-d3cd-4059-9b4f-c2a506d716e9,knob,pull to open or close,f263ca02-a3c0-4b5f-bd3e-2866f0c9a9ec,rel,0.494,0.247,0.7
421380,6e39c1ea-d3cd-4059-9b4f-c2a506d716e9,television stand / cabinet,14,1,2,8fa63b99-b099-4906-a608-5325add561e4|pull to open or close a drawer|6e39c1ea-d3cd-4059-9b4f-c2a506d716e9,knob,pull to open or close a drawer,8fa63b99-b099-4906-a608-5325add561e4,64dde80b-d956-4d15-8305-58466e31648f|pull to open or close|6e39c1ea-d3cd-4059-9b4f-c2a506d716e9,knob,pull to open or close,64dde80b-d956-4d15-8305-58466e31648f,rel,0.526,0.247,0.7
421380,6e39c1ea-d3cd-4059-9b4f-c2a506d716e9,television stand / cabinet,14,1,2,8fa63b99-b099-4906-a608-5325add561e4|pull to open or close a drawer|6e39c1ea-d3cd-4059-9b4f-c2a506d716e9,knob,pull to open or close a drawer,8fa63b99-b099-4906-a608-5325add561e4,9db14ed4-ed96-4e43-a12d-7a1a865f0161|pull to open or close|6e39c1ea-d3cd-4059-9b4f-c2a506d716e9,knob,pull to open or close,9db14ed4-ed96-4e43-a12d-7a1a865f0161,rel,0.863,0.247,0.7
421380,6e39c1ea-d3cd-4059-9b4f-c2a506d716e9,television stand / cabinet,14,1,2,8fa63b99-b099-4906-a608-5325add561e4|pull to open or close a drawer|6e39c1ea-d3cd-4059-9b4f-c2a506d716e9,knob,pull to open or close a drawer,8fa63b99-b099-4906-a608-5325add561e4,bc40c514-1f23-4a0f-b9c6-a3aee1416269|pull to open or close|6e39c1ea-d3cd-4059-9b4f-c2a506d716e9,knob,pull to open or close,bc40c514-1f23-4a0f-b9c6-a3aee1416269,rel,0.901,0.247,0.7
421380,6e39c1ea-d3cd-4059-9b4f-c2a506d716e9,television stand / cabinet,14,1,2,08a1222a-4837-49cf-a0c6-836d236311a0|pull to open or close a drawer|6e39c1ea-d3cd-4059-9b4f-c2a506d716e9,knob,pull to open or close a drawer,08a1222a-4837-49cf-a0c6-836d236311a0,f263ca02-a3c0-4b5f-bd3e-2866f0c9a9ec|pull to open or close|6e39c1ea-d3cd-4059-9b4f-c2a506d716e9,knob,pull to open or close,f263ca02-a3c0-4b5f-bd3e-2866f0c9a9ec,rel,0.915,0.304,0.7
421380,6e39c1ea-d3cd-4059-9b4f-c2a506d716e9,television stand / cabinet,14,1,2,08a1222a-4837-49cf-a0c6-836d236311a0|pull to open or close a drawer|6e39c1ea-d3cd-4059-9b4f-c2a506d716e9,knob,pull to open or close a drawer,08a1222a-4837-49cf-a0c6-836d236311a0,64dde80b-d956-4d15-8305-58466e31648f|pull to open or close|6e39c1ea-d3cd-4059-9b4f-c2a506d716e9,knob,pull to open or close,64dde80b-d956-4d15-8305-58466e31648f,rel,0.95,0.304,0.7
421380,6e39c1ea-d3cd-4059-9b4f-c2a506d716e9,television stand / cabinet,14,1,2,08a1222a-4837-49cf-a0c6-836d236311a0|pull to open or close a drawer|6e39c1ea-d3cd-4059-9b4f-c2a506d716e9,knob,pull to open or close a drawer,08a1222a-4837-49cf-a0c6-836d236311a0,9db14ed4-ed96-4e43-a12d-7a1a865f0161|pull to open or close|6e39c1ea-d3cd-4059-9b4f-c2a506d716e9,knob,pull to open or close,9db14ed4-ed96-4e43-a12d-7a1a865f0161,rel,0.584,0.304,0.7
421380,6e39c1ea-d3cd-4059-9b4f-c2a506d716e9,television stand / cabinet,14,1,2,08a1222a-4837-49cf-a0c6-836d236311a0|pull to open or close a drawer|6e39c1ea-d3cd-4059-9b4f-c2a506d716e9,knob,pull to open or close a drawer,08a1222a-4837-49cf-a0c6-836d236311a0,bc40c514-1f23-4a0f-b9c6-a3aee1416269|pull to open or close|6e39c1ea-d3cd-4059-9b4f-c2a506d716e9,knob,pull to open or close,bc40c514-1f23-4a0f-b9c6-a3aee1416269,rel,0.611,0.304,0.7
421380,6e39c1ea-d3cd-4059-9b4f-c2a506d716e9,television stand / cabinet,14,1,2,2569559b-e5fd-4e92-a533-308098b6becd|pull to open or close a drawer|6e39c1ea-d3cd-4059-9b4f-c2a506d716e9,knob,pull to open or close a drawer,2569559b-e5fd-4e92-a533-308098b6becd,f263ca02-a3c0-4b5f-bd3e-2866f0c9a9ec|pull to open or close|6e39c1ea-d3cd-4059-9b4f-c2a506d716e9,knob,pull to open or close,f263ca02-a3c0-4b5f-bd3e-2866f0c9a9ec,rel,0.582,0.323,0.7
421380,6e39c1ea-d3cd-4059-9b4f-c2a506d716e9,television stand / cabinet,14,1,2,2569559b-e5fd-4e92-a533-308098b6becd|pull to open or close a drawer|6e39c1ea-d3cd-4059-9b4f-c2a506d716e9,knob,pull to open or close a drawer,2569559b-e5fd-4e92-a533-308098b6becd,64dde80b-d956-4d15-8305-58466e31648f|pull to open or close|6e39c1ea-d3cd-4059-9b4f-c2a506d716e9,knob,pull to open or close,64dde80b-d956-4d15-8305-58466e31648f,rel,0.609,0.323,0.7
421380,6e39c1ea-d3cd-4059-9b4f-c2a506d716e9,television stand / cabinet,14,1,2,2569559b-e5fd-4e92-a533-308098b6becd|pull to open or close a drawer|6e39c1ea-d3cd-4059-9b4f-c2a506d716e9,knob,pull to open or close a drawer,2569559b-e5fd-4e92-a533-308098b6becd,9db14ed4-ed96-4e43-a12d-7a1a865f0161|pull to open or close|6e39c1ea-d3cd-4059-9b4f-c2a506d716e9,knob,pull to open or close,9db14ed4-ed96-4e43-a12d-7a1a865f0161,rel,0.916,0.323,0.7
421380,6e39c1ea-d3cd-4059-9b4f-c2a506d716e9,television stand / cabinet,14,1,2,2569559b-e5fd-4e92-a533-308098b6becd|pull to open or close a drawer|6e39c1ea-d3cd-4059-9b4f-c2a506d716e9,knob,pull to open or close a drawer,2569559b-e5fd-4e92-a533-308098b6becd,bc40c514-1f23-4a0f-b9c6-a3aee1416269|pull to open or close|6e39c1ea-d3cd-4059-9b4f-c2a506d716e9,knob,pull to open or close,bc40c514-1f23-4a0f-b9c6-a3aee1416269,rel,0.951,0.323,0.7
422391,f0591cae-944d-4804-80f2-b1495c33437b,television,2,2,2,661e73fc-d5d2-4fb5-bf4b-c58fd161a5f0|provide power|f0591cae-944d-4804-80f2-b1495c33437b,electric outlet / power strip,provide power,661e73fc-d5d2-4fb5-bf4b-c58fd161a5f0,e4a3d21d-915d-43d2-8559-8b9d2974a622|control|f0591cae-944d-4804-80f2-b1495c33437b,remote,control,e4a3d21d-915d-43d2-8559-8b9d2974a622,src+rel,1.145,1.388,1.0
422813,649f5431-e6cb-4760-a70f-ffa2ed3ac707,bathroom sink,2,2,2,1deb7d86-ff85-4dd9-bab3-fefffa2ddcdb|press or rotate to control the water flow|649f5431-e6cb-4760-a70f-ffa2ed3ac707,button / knob,press or rotate to control the water flow,1deb7d86-ff85-4dd9-bab3-fefffa2ddcdb,b012412a-0a59-46b6-a39c-0be4984a68b3|control the water flow|649f5431-e6cb-4760-a70f-ffa2ed3ac707,handle / faucet,control the water flow,b012412a-0a59-46b6-a39c-0be4984a68b3,src+rel,0.211,0.103,1.0
422813,bb70dccc-863c-446d-a1b2-66ca94a389ed,bathtub,2,2,2,8315a573-603f-4a3c-9fc6-902a8ab19ad0|press or rotate to control the water flow|bb70dccc-863c-446d-a1b2-66ca94a389ed,button / knob,press or rotate to control the water flow,8315a573-603f-4a3c-9fc6-902a8ab19ad0,381968b3-9045-484b-bf77-ea95b427a529|control the water flow|bb70dccc-863c-446d-a1b2-66ca94a389ed,handle / faucet,control the water flow,381968b3-9045-484b-bf77-ea95b427a529,src+rel,0.536,0.499,1.0
460417,66ce5acd-9d4e-4b6b-af9e-fde601c66cb6,washing machine,4,3,3,"ca9e7157-7222-4429-8629-add94f3fc620|press to open or close, or adjust the setting|66ce5acd-9d4e-4b6b-af9e-fde601c66cb6",button,"press to open or close, or adjust the setting",ca9e7157-7222-4429-8629-add94f3fc620,a6956e03-3809-409c-b16d-cee0ef3e1246|rotate or press to adjust the setting|66ce5acd-9d4e-4b6b-af9e-fde601c66cb6,knob / button,rotate or press to adjust the setting,a6956e03-3809-409c-b16d-cee0ef3e1246,src+rel,0.096,0.249,1.0
460417,66ce5acd-9d4e-4b6b-af9e-fde601c66cb6,washing machine,4,3,3,"ca9e7157-7222-4429-8629-add94f3fc620|press to open or close, or adjust the setting|66ce5acd-9d4e-4b6b-af9e-fde601c66cb6",button,"press to open or close, or adjust the setting",ca9e7157-7222-4429-8629-add94f3fc620,59552624-a2f6-4e2b-9a25-9d62b675cada|provide power|66ce5acd-9d4e-4b6b-af9e-fde601c66cb6,electric outlet,provide power,59552624-a2f6-4e2b-9a25-9d62b675cada,src+rel,0.758,0.249,1.0
460417,66ce5acd-9d4e-4b6b-af9e-fde601c66cb6,washing machine,4,3,3,"ca9e7157-7222-4429-8629-add94f3fc620|press to open or close, or adjust the setting|66ce5acd-9d4e-4b6b-af9e-fde601c66cb6",button,"press to open or close, or adjust the setting",ca9e7157-7222-4429-8629-add94f3fc620,9f510124-f6aa-4b15-9aa0-4eece6c68650|provide power|66ce5acd-9d4e-4b6b-af9e-fde601c66cb6,electric outlet,provide power,9f510124-f6aa-4b15-9aa0-4eece6c68650,src+rel,0.963,0.249,1.0
460417,66ce5acd-9d4e-4b6b-af9e-fde601c66cb6,washing machine,4,3,3,a6956e03-3809-409c-b16d-cee0ef3e1246|rotate or press to adjust the setting|66ce5acd-9d4e-4b6b-af9e-fde601c66cb6,knob / button,rotate or press to adjust the setting,a6956e03-3809-409c-b16d-cee0ef3e1246,59552624-a2f6-4e2b-9a25-9d62b675cada|provide power|66ce5acd-9d4e-4b6b-af9e-fde601c66cb6,electric outlet,provide power,59552624-a2f6-4e2b-9a25-9d62b675cada,src+rel,0.82,0.294,1.0
460417,66ce5acd-9d4e-4b6b-af9e-fde601c66cb6,washing machine,4,3,3,a6956e03-3809-409c-b16d-cee0ef3e1246|rotate or press to adjust the setting|66ce5acd-9d4e-4b6b-af9e-fde601c66cb6,knob / button,rotate or press to adjust the setting,a6956e03-3809-409c-b16d-cee0ef3e1246,9f510124-f6aa-4b15-9aa0-4eece6c68650|provide power|66ce5acd-9d4e-4b6b-af9e-fde601c66cb6,electric outlet,provide power,9f510124-f6aa-4b15-9aa0-4eece6c68650,src+rel,0.913,0.294,1.0
460417,3f5fc8ad-60c9-4b6e-a323-a919410bdd1a,dryer,2,2,2,9f510124-f6aa-4b15-9aa0-4eece6c68650|provide power|3f5fc8ad-60c9-4b6e-a323-a919410bdd1a,electric outlet,provide power,9f510124-f6aa-4b15-9aa0-4eece6c68650,f845e4b3-a202-4e17-8100-a41736068ffc|rotate to adjust the setting|3f5fc8ad-60c9-4b6e-a323-a919410bdd1a,knob,rotate to adjust the setting,f845e4b3-a202-4e17-8100-a41736068ffc,src+rel,0.961,1.19,1.0
466192,87da20eb-b2be-450b-b42e-b9d6f49ca0d4,bathroom sink,2,2,2,9311f0c0-33b1-4b61-8ef7-1d2dc24c903a|control the water flow|87da20eb-b2be-450b-b42e-b9d6f49ca0d4,faucet / knob / handle,control the water flow,9311f0c0-33b1-4b61-8ef7-1d2dc24c903a,83da9fe4-5d04-4f73-b9dd-f3a91d273cd0|press or rotate to  control the water flow|87da20eb-b2be-450b-b42e-b9d6f49ca0d4,button / knob,press or rotate to  control the water flow,83da9fe4-5d04-4f73-b9dd-f3a91d273cd0,src+rel,0.235,0.172,1.0
466803,6c6ea5f0-b56c-4055-9596-7aa2fa455c25,washing machine,2,2,2,94276ce1-f267-425a-87fb-7cd12d491730|rotate to adjust the setting|6c6ea5f0-b56c-4055-9596-7aa2fa455c25,knob,rotate to adjust the setting,94276ce1-f267-425a-87fb-7cd12d491730,ab926265-13ac-459c-8d19-b6b66ef491da|provide power|6c6ea5f0-b56c-4055-9596-7aa2fa455c25,power strip,provide power,ab926265-13ac-459c-8d19-b6b66ef491da,src+rel,0.904,0.388,1.0
469011,7fddf637-3da9-4511-b4b4-fc6a042db72c,fridge,2,2,2,2abcdace-ba3f-45c0-8dce-eac4de015ee8|pull to open or close|7fddf637-3da9-4511-b4b4-fc6a042db72c,handle,pull to open or close,2abcdace-ba3f-45c0-8dce-eac4de015ee8,548a6569-5c70-4d7b-9f10-0ece005e6c00|provide power|7fddf637-3da9-4511-b4b4-fc6a042db72c,electric outlet,provide power,548a6569-5c70-4d7b-9f10-0ece005e6c00,src+rel,1.155,0.317,1.0
469011,8e66432e-ee5a-4009-9ad5-f53d29772552,oven,6,2,2,d003c3b8-3330-4adf-8c1e-6c8c9f2245f8|rotate to adjust the setting|8e66432e-ee5a-4009-9ad5-f53d29772552,knob,rotate to adjust the setting,d003c3b8-3330-4adf-8c1e-6c8c9f2245f8,47d6518d-dce3-4c45-8cfc-34c56bbb3454|pull to open or close|8e66432e-ee5a-4009-9ad5-f53d29772552,handle,pull to open or close,47d6518d-dce3-4c45-8cfc-34c56bbb3454,src+rel,0.306,0.535,1.0
469011,8e66432e-ee5a-4009-9ad5-f53d29772552,oven,6,2,2,06b684bb-7a5c-4717-847a-d343bd6824d9|rotate to adjust the setting|8e66432e-ee5a-4009-9ad5-f53d29772552,knob,rotate to adjust the setting,06b684bb-7a5c-4717-847a-d343bd6824d9,47d6518d-dce3-4c45-8cfc-34c56bbb3454|pull to open or close|8e66432e-ee5a-4009-9ad5-f53d29772552,handle,pull to open or close,47d6518d-dce3-4c45-8cfc-34c56bbb3454,src+rel,0.248,0.507,1.0
469011,8e66432e-ee5a-4009-9ad5-f53d29772552,oven,6,2,2,28e9ec26-d38b-45a2-9614-9fe6a8d69211|rotate to adjust the setting|8e66432e-ee5a-4009-9ad5-f53d29772552,knob,rotate to adjust the setting,28e9ec26-d38b-45a2-9614-9fe6a8d69211,47d6518d-dce3-4c45-8cfc-34c56bbb3454|pull to open or close|8e66432e-ee5a-4009-9ad5-f53d29772552,handle,pull to open or close,47d6518d-dce3-4c45-8cfc-34c56bbb3454,src+rel,0.178,0.484,1.0
469011,8e66432e-ee5a-4009-9ad5-f53d29772552,oven,6,2,2,76002344-9de9-476f-a43e-d822d1cdb592|rotate to adjust the setting|8e66432e-ee5a-4009-9ad5-f53d29772552,knob,rotate to adjust the setting,76002344-9de9-476f-a43e-d822d1cdb592,47d6518d-dce3-4c45-8cfc-34c56bbb3454|pull to open or close|8e66432e-ee5a-4009-9ad5-f53d29772552,handle,pull to open or close,47d6518d-dce3-4c45-8cfc-34c56bbb3454,src+rel,0.133,0.481,1.0
469011,8e66432e-ee5a-4009-9ad5-f53d29772552,oven,6,2,2,85f5f2f0-ef9b-4e32-a0de-cd8a7f54db4b|rotate to adjust the setting|8e66432e-ee5a-4009-9ad5-f53d29772552,knob,rotate to adjust the setting,85f5f2f0-ef9b-4e32-a0de-cd8a7f54db4b,47d6518d-dce3-4c45-8cfc-34c56bbb3454|pull to open or close|8e66432e-ee5a-4009-9ad5-f53d29772552,handle,pull to open or close,47d6518d-dce3-4c45-8cfc-34c56bbb3454,src+rel,0.237,0.526,1.0
